{
  "info": {
    "_postman_id": "1bd21db6-ee17-4fc2-a113-930027603e57",
    "name": "Security Service",
    "schema": "https://schema.getpostman.com/json/collection/v2.1.0/collection.json"
  },
  "item": [
    {
      "name": "GET /api/protected No Auth",
      "request": {
        "method": "GET",
        "header": [],
        "body": {
          "mode": "raw",
          "raw": ""
        },
        "url": {
          "raw": "http://localhost:8080/api/protected",
          "protocol": "http",
          "host": [
            "localhost"
          ],
          "port": "8080",
          "path": [
            "api",
            "protected"
          ]
        }
      },
      "response": []
    },
    {
      "name": "GET /api/protected With Auth",
      "request": {
        "auth": {
          "type": "basic",
          "basic": [
            {
              "key": "password",
              "value": "user",
              "type": "string"
            },
            {
              "key": "username",
              "value": "user",
              "type": "string"
            }
          ]
        },
        "method": "GET",
        "header": [],
        "body": {
          "mode": "raw",
          "raw": ""
        },
        "url": {
          "raw": "http://localhost:8080/api/protected",
          "protocol": "http",
          "host": [
            "localhost"
          ],
          "port": "8080",
          "path": [
            "api",
            "protected"
          ]
        }
      },
      "response": []
    },
    {
      "name": "GET /api/protected/all With Auth",
      "request": {
        "auth": {
          "type": "basic",
          "basic": [
            {
              "key": "password",
              "value": "user",
              "type": "string"
            },
            {
              "key": "username",
              "value": "user",
              "type": "string"
            }
          ]
        },
        "method": "GET",
        "header": [],
        "body": {
          "mode": "raw",
          "raw": ""
        },
        "url": {
          "raw": "http://localhost:8080/api/protected/all",
          "protocol": "http",
          "host": [
            "localhost"
          ],
          "port": "8080",
          "path": [
            "api",
            "protected",
            "all"
          ]
        }
      },
      "response": []
    },
    {
      "name": "GET /api/protected/all No Auth (401)",
      "request": {
        "auth": {
          "type": "noauth"
        },
        "method": "GET",
        "header": [],
        "body": {
          "mode": "raw",
          "raw": ""
        },
        "url": {
          "raw": "http://localhost:8080/api/protected/all",
          "protocol": "http",
          "host": [
            "localhost"
          ],
          "port": "8080",
          "path": [
            "api",
            "protected",
            "all"
          ]
        }
      },
      "response": []
    },
    {
      "name": "GET /api/protected/all Wrong Auth (401)",
      "request": {
        "auth": {
          "type": "basic",
          "basic": [
            {
              "key": "password",
              "value": "wrong",
              "type": "string"
            },
            {
              "key": "username",
              "value": "user",
              "type": "string"
            }
          ]
        },
        "method": "GET",
        "header": [],
        "body": {
          "mode": "raw",
          "raw": ""
        },
        "url": {
          "raw": "http://localhost:8080/api/protected/all",
          "protocol": "http",
          "host": [
            "localhost"
          ],
          "port": "8080",
          "path": [
            "api",
            "protected",
            "all"
          ]
        }
      },
      "response": []
    },
    {
      "name": "GET /api/protected/admin With Admin Auth",
      "request": {
        "auth": {
          "type": "basic",
          "basic": [
            {
              "key": "password",
              "value": "admin",
              "type": "string"
            },
            {
              "key": "username",
              "value": "admin",
              "type": "string"
            }
          ]
        },
        "method": "GET",
        "header": [],
        "body": {
          "mode": "raw",
          "raw": ""
        },
        "url": {
          "raw": "http://localhost:8080/api/protected/admin",
          "protocol": "http",
          "host": [
            "localhost"
          ],
          "port": "8080",
          "path": [
            "api",
            "protected",
            "admin"
          ]
        }
      },
      "response": []
    },
    {
      "name": "GET /api/protected/admin With User Auth (403)",
      "request": {
        "auth": {
          "type": "basic",
          "basic": [
            {
              "key": "password",
              "value": "user",
              "type": "string"
            },
            {
              "key": "username",
              "value": "user",
              "type": "string"
            }
          ]
        },
        "method": "GET",
        "header": [],
        "body": {
          "mode": "raw",
          "raw": ""
        },
        "url": {
          "raw": "http://localhost:8080/api/protected/admin",
          "protocol": "http",
          "host": [
            "localhost"
          ],
          "port": "8080",
          "path": [
            "api",
            "protected",
            "admin"
          ]
        }
      },
      "response": []
    }
  ]
}