{
  "info": {
    "_postman_id": "389a3282-b666-4a2f-8531-a2770243dfad",
    "name": "Open API Docs",
    "schema": "https://schema.getpostman.com/json/collection/v2.1.0/collection.json"
  },
  "item": [
    {
      "name": "GET Open API Docs",
      "request": {
        "method": "GET",
        "header": [],
        "body": {
          "mode": "raw",
          "raw": ""
        },
        "url": {
          "raw": "http://localhost:8080/openapi/",
          "protocol": "http",
          "host": [
            "localhost"
          ],
          "port": "8080",
          "path": [
            "openapi",
            ""
          ]
        }
      },
      "response": []
    },
    {
      "name": "HEAD Books",
      "request": {
        "method": "HEAD",
        "header": [],
        "body": {
          "mode": "raw",
          "raw": ""
        },
        "url": {
          "raw": "http://localhost:8080/api/books",
          "protocol": "http",
          "host": [
            "localhost"
          ],
          "port": "8080",
          "path": [
            "api",
            "books"
          ]
        }
      },
      "response": []
    },
    {
      "name": "GET Books",
      "request": {
        "method": "GET",
        "header": [],
        "body": {
          "mode": "raw",
          "raw": ""
        },
        "url": {
          "raw": "http://localhost:8080/api/books",
          "protocol": "http",
          "host": [
            "localhost"
          ],
          "port": "8080",
          "path": [
            "api",
            "books"
          ]
        }
      },
      "response": []
    },
    {
      "name": "GET Book 978-0345391803",
      "request": {
        "method": "GET",
        "header": [],
        "body": {
          "mode": "raw",
          "raw": ""
        },
        "url": {
          "raw": "http://localhost:8080/api/books/978-0345391803",
          "protocol": "http",
          "host": [
            "localhost"
          ],
          "port": "8080",
          "path": [
            "api",
            "books",
            "978-0345391803"
          ]
        }
      },
      "response": []
    },
    {
      "name": "POST New Book",
      "request": {
        "method": "POST",
        "header": [
          {
            "key": "Content-Type",
            "name": "Content-Type",
            "value": "application/json",
            "type": "text"
          }
        ],
        "body": {
          "mode": "raw",
          "raw": "{\n    \"isbn-13\": \"000-1234567890\",\n    \"title\": \"Test Book\"\n}"
        },
        "url": {
          "raw": "http://localhost:8080/api/books",
          "protocol": "http",
          "host": [
            "localhost"
          ],
          "port": "8080",
          "path": [
            "api",
            "books"
          ]
        }
      },
      "response": []
    },
    {
      "name": "DELETE Book 978-0345391803",
      "request": {
        "method": "DELETE",
        "header": [],
        "body": {
          "mode": "raw",
          "raw": ""
        },
        "url": {
          "raw": "http://localhost:8080/api/books/978-0345391803",
          "protocol": "http",
          "host": [
            "localhost"
          ],
          "port": "8080",
          "path": [
            "api",
            "books",
            "978-0345391803"
          ]
        }
      },
      "response": []
    },
    {
      "name": "PUT Book Update",
      "request": {
        "method": "PUT",
        "header": [
          {
            "key": "Content-Type",
            "name": "Content-Type",
            "value": "application/json",
            "type": "text"
          }
        ],
        "body": {
          "mode": "raw",
          "raw": "{\n    \"isbn-13\": \"000-1234567890\",\n    \"title\": \"Test Book Updated\"\n}"
        },
        "url": {
          "raw": "http://localhost:8080/api/books/000-1234567890",
          "protocol": "http",
          "host": [
            "localhost"
          ],
          "port": "8080",
          "path": [
            "api",
            "books",
            "000-1234567890"
          ]
        }
      },
      "response": []
    }
  ]
}