{
	"info": {
		"_postman_id": "26d116d8-18d8-473b-a8dc-30afb1f37964",
		"name": "Secrets Service",
		"schema": "https://schema.getpostman.com/json/collection/v2.1.0/collection.json"
	},
	"item": [
		{
			"name": "GET Secrets",
			"request": {
				"method": "GET",
				"header": [],
				"body": {
					"mode": "raw",
					"raw": ""
				},
				"url": {
					"raw": "http://localhost:8080/api/secrets",
					"protocol": "http",
					"host": [
						"localhost"
					],
					"port": "8080",
					"path": [
						"api",
						"secrets"
					]
				}
			},
			"response": []
		}
	]
}