<?xml version="1.0" encoding="UTF-8"?>
<hazelcast
        xsi:schemaLocation="http://www.hazelcast.com/schema/config http://www.hazelcast.com/schema/config/hazelcast-config-3.10.xsd"
        xmlns="http://www.hazelcast.com/schema/config"
        xmlns:xsi="http://www.w3.org/2001/XMLSchema-instance">

    <!-- properties will be passed via -D... JAVA_OPTS -->
    <!-- see hazelcast.yml -->

    <group>
        <name>payara</name>
        <password>payara-pass</password>
    </group>

    <cache name="default">
        <!--
            Number of backups. If 1 is set as the backup-count for example,
            then all entries of the map will be copied to another JVM for
            fail-safety. 0 means no backup.
        -->
        <backup-count>1</backup-count>

        <!--
            Number of async backups. 0 means no backup.
        -->
        <async-backup-count>0</async-backup-count>
    </cache>

    <cache name="expiry">
        <key-type class-name="java.lang.String"/>
        <value-type class-name="java.lang.String"/>

        <backup-count>1</backup-count>
        <async-backup-count>0</async-backup-count>

        <expiry-policy-factory>
            <timed-expiry-policy-factory expiry-policy-type="MODIFIED" duration-amount="30" time-unit="SECONDS"/>
        </expiry-policy-factory>
    </cache>

    <lite-member enabled="false"/>

</hazelcast>
