{
	"info": {
		"_postman_id": "f0ad3fb6-e8ea-4515-8769-ea9e3c8c6ceb",
		"name": "Versioning Service",
		"schema": "https://schema.getpostman.com/json/collection/v2.1.0/collection.json"
	},
	"item": [
		{
			"name": "GET Version V1",
			"request": {
				"method": "GET",
				"header": [],
				"body": {
					"mode": "raw",
					"raw": ""
				},
				"url": {
					"raw": "http://localhost:8080/api/version/v1",
					"protocol": "http",
					"host": [
						"localhost"
					],
					"port": "8080",
					"path": [
						"api",
						"version",
						"v1"
					]
				}
			},
			"response": []
		},
		{
			"name": "GET Version V2",
			"request": {
				"method": "GET",
				"header": [],
				"body": {
					"mode": "raw",
					"raw": ""
				},
				"url": {
					"raw": "http://localhost:8080/api/version/v2",
					"protocol": "http",
					"host": [
						"localhost"
					],
					"port": "8080",
					"path": [
						"api",
						"version",
						"v2"
					]
				}
			},
			"response": []
		},
		{
			"name": "GET Media Type Accept Default",
			"request": {
				"method": "GET",
				"header": [],
				"body": {
					"mode": "raw",
					"raw": ""
				},
				"url": {
					"raw": "http://localhost:8080/api/media-type",
					"protocol": "http",
					"host": [
						"localhost"
					],
					"port": "8080",
					"path": [
						"api",
						"media-type"
					]
				}
			},
			"response": []
		},
		{
			"name": "GET Media Type Accept application/json",
			"request": {
				"method": "GET",
				"header": [
					{
						"key": "Accept",
						"value": "application/json",
						"type": "text"
					}
				],
				"body": {
					"mode": "raw",
					"raw": ""
				},
				"url": {
					"raw": "http://localhost:8080/api/media-type",
					"protocol": "http",
					"host": [
						"localhost"
					],
					"port": "8080",
					"path": [
						"api",
						"media-type"
					]
				}
			},
			"response": []
		},
		{
			"name": "GET Media Type Accept application/vnd.version.v2+json",
			"request": {
				"method": "GET",
				"header": [
					{
						"key": "Accept",
						"value": "application/vnd.version.v2+json",
						"type": "text"
					}
				],
				"body": {
					"mode": "raw",
					"raw": ""
				},
				"url": {
					"raw": "http://localhost:8080/api/media-type",
					"protocol": "http",
					"host": [
						"localhost"
					],
					"port": "8080",
					"path": [
						"api",
						"media-type"
					]
				}
			},
			"response": []
		}
	]
}