{
	"info": {
		"_postman_id": "cdb6db9c-9877-4c84-8c45-a5bf207f6a32",
		"name": "Cloud Native JPA",
		"schema": "https://schema.getpostman.com/json/collection/v2.1.0/collection.json"
	},
	"item": [
		{
			"name": "GET Events",
			"request": {
				"method": "GET",
				"header": [],
				"body": {
					"mode": "raw",
					"raw": ""
				},
				"url": {
					"raw": "http://localhost:18080/api/events",
					"protocol": "http",
					"host": [
						"localhost"
					],
					"port": "18080",
					"path": [
						"api",
						"events"
					]
				}
			},
			"response": []
		},
		{
			"name": "POST JSON Payload Event",
			"request": {
				"method": "POST",
				"header": [
					{
						"key": "Content-Type",
						"name": "Content-Type",
						"value": "application/json",
						"type": "text"
					}
				],
				"body": {
					"mode": "raw",
					"raw": "{\n\t\"name\": \"Hello World.\",\n\t\"a_number\": 42\n}"
				},
				"url": {
					"raw": "http://localhost:18080/api/events",
					"protocol": "http",
					"host": [
						"localhost"
					],
					"port": "18080",
					"path": [
						"api",
						"events"
					]
				}
			},
			"response": []
		},
		{
			"name": "GET Events 1",
			"request": {
				"method": "GET",
				"header": [],
				"body": {
					"mode": "raw",
					"raw": ""
				},
				"url": {
					"raw": "http://localhost:18080/api/events/1",
					"protocol": "http",
					"host": [
						"localhost"
					],
					"port": "18080",
					"path": [
						"api",
						"events",
						"1"
					]
				}
			},
			"response": []
		}
	]
}